city,county,zip_code,ccn,service_type,facility_name,license_no,address,accreditation,phone,fax,licensee,administrator,administration_address,branches,date_parsed
BELLEVUE,Sarpy,68005,28C0001026,AMBULATORY SURGICAL CENTER,"Heartland Cataract & Laser Surgery Center, Inc",ASC079,1103 Galvin Road South,NONE,(402) 292-6514,(402) 292-7122,HEARTLAND CATARACT & LASER SURGERY CENTER,"Richard Maw, Administrator","RICHARD MAW - 1103 Galvin Road South , Bellevue, NE 68005",,2026-08-16
FREMONT,Dodge,68025,28C0001023,AMBULATORY SURGICAL CENTER,"Surgery Center of Fremont, LLC",ASC007,2727 North Clarkson Street,NONE,(402) 727-8500,(402) 721-1065,"SURGERY CENTER OF FREMONT, LLC","Tonya Hemmer, Administrator","TONYA HEMMER - 2727 North Clarkson Street , Fremont, NE 68025",,2026-08-16
FREMONT,Dodge,68025,28C0001058,AMBULATORY SURGICAL CENTER,"R Choice Surgical Center, Llc",ASC072,"2900 Elk Lane, Suite 2",AAAHC,(402) 721-8895,(402) 620-6651,R CHOICE SURGICAL CENTER LLC,"Sofija Novakovic, Administrator","SOFIJA NOVAKOVIC - 2900 Elk Lane, Suite 2 , Fremont, NE 68025",,2026-08-16
GRAND ISLAND,Hall,68803,28C0001019,AMBULATORY SURGICAL CENTER,"Grand Island Surgery Center, LLC",ASC008,3610 Richmond Circle,NONE,(308) 384-6400,(308) 398-6420,"GRAND ISLAND SURGICAL CENTER, LLC","Ken Terry, Administrator","KEN TERRY - Grand Island Surgery Center, LLC P O Box 5434, Grand Island, NE 68802",,2026-08-16
HASTINGS,Adams,68901,28C0001027,AMBULATORY SURGICAL CENTER,"Hastings Laser & Eye Surgery Center, LLC",ASC009,"715 North Kansas Ave, Suite 303",NONE,(402) 462-5888,(402) 462-6874,"HASTINGS LASER & EYE SURGERY CENTER, LLC","Arlene R Hamik, Administrator","Arlene R. Hamik - 715 North Kansas Ave, Suite 303 , Hastings, NE 68901",,2026-08-16
HASTINGS,Adams,68901,28C0001039,AMBULATORY SURGICAL CENTER,"Hastings Surgical Center, Llc",ASC043,5803 Osborne Dr West,NONE,(402) 462-5440,(402) 462-5470,HASTINGS SURGICAL CENTER LLC,"Brooke Day, Administrator","Brooke Day - 5803 Osborne Dr West , Hastings, NE 68901",,2026-08-16
KEARNEY,Buffalo,68845,28C0001047,AMBULATORY SURGICAL CENTER,Kearney Eye Surgical Center Inc,ASC051,"411 W 39th Street, Suite 2",NONE,(308) 865-2759,(308) 865-2755,KEARNEY EYE SURGICAL CENTER INC,"Marlys Kossman, Administrator","Marlys Kossman - 411 WEST 39TH ST., SUITE 2 , KEARNEY, NE 68845",,2026-08-16
KEARNEY,Buffalo,68845,28C0001028,AMBULATORY SURGICAL CENTER,"Kearney Ambulatory Surgical Center, LLC dba Heartland Surgery Center",ASC030,3515 30th Avenue,NONE,(308) 865-2670,(308) 865-2876,"KEARNEY AMBULATORY SURGICAL CENTER, LLC","Tracy Hoeft-Hoffman, Administrator","TRACY HOEFT-HOFFMAN - 3515 30th Avenue , Kearney, NE 68845",,2026-08-16
KEARNEY,Buffalo,68847,28C0001057,AMBULATORY SURGICAL CENTER,Kearney Pain Treatment Center LLC dba Stone Ridge Surgery Center,ASC069,"920 East 56th Street, Suite D",ACHC,(308) 455-3091,(308) 455-3093,"KEARNEY PAIN TREATMENT CENTER, LLC","Garrett Vetter, Administrator","GARRETT VETTER - 920 East 56th Street, Suite D , Kearney, NE 68847",,2026-08-16
KEARNEY,Buffalo,68845,28C0001064,AMBULATORY SURGICAL CENTER,"Unity Eye Centers, Inc. dba Seventh Avenue Surgery Center",ASC095,4107 7th Avenue,AAAHC,(307) 708-7477,(308) 236-8508,LINDUSTRIES LLC,"Sara Erickson, Administrator","Sara Erickson - Brandy Dillon P O Box 549, Wabash, IN 46992",,2026-08-16
LINCOLN,Lancaster,68506,28C0001066,AMBULATORY SURGICAL CENTER,"Advanced Medical Imaging Surgery Center, LLC",ASC084,7555 Pioneers Blvd,AAAHC,(402) 261-1085,(402) 284-4588,ADVANCED MEDICAL IMAGING SURGERY CENTER LLC,"Karissa Mercurio, Administrator","KARISSA MERCURIO - Advanced Medical Imaging Surgery Center - Attn: Karissa Mercurio 7555 Pioneers Blvd, Lincoln, NE 68506",,2026-08-16
LINCOLN,Lancaster,68502,28C0001054,AMBULATORY SURGICAL CENTER,"Southwest Lincoln Surgery Center, Llc dba Southwest Lincoln Surgery Center",ASC061,"2222 S 16th Street, Suite 315",AAAHC,(402) 475-3100,(402) 475-3109,SOUTHWEST LINCOLN SURGERY CENTER LLC,"Carrie Eppens, Administrator","Carrie Eppens - 2222 S 16TH STREET, SUITE 315 , LINCOLN, NE 68502",,2026-08-16
LINCOLN,Lancaster,68502,28C0001061,AMBULATORY SURGICAL CENTER,Lincoln Digestive Health Center,ASC075,"2300 S 16th Street, Suite 512",AAAHC,(402) 483-8800,(402) 483-8801,LINCOLN DIGESTIVE HEALTH CENTER LLC,"Holly Root, Administrator","Holly Root - Holly Root - Lincoln Digestive Health Center 2300 South 16th Street, Ste 512, LINCOLN, NE 68502",,2026-08-16
LINCOLN,Lancaster,68510,28C0001062,AMBULATORY SURGICAL CENTER,"Doctors Outpatient Surgery Center, LLC",ASC076,"5055 A Street, Suite 100",TJC,(402) 480-7222,(402) 480-7226,DOCTORS OUTPATIENT SURGERY CENTER LLC,"Crystal Livingston, Administrator","Crystal Livingston - 5055 A Street, Suite 100 , Lincoln, NE 68510",,2026-08-16
LINCOLN,Lancaster,68521,28C0001008,AMBULATORY SURGICAL CENTER,"Omega Surgery Centers, LLC",ASC071,"755 Fallbrook Blvd, Ste 204",NONE,(402) 483-4448,(402) 483-4750,"OMEGA SURGERY CENTER, LLC","Kellie Johnson, Administrator","Kellie Johnson - 755 Fallbrook Blvd, Ste 204 , Lincoln, NE 68521",,2026-08-16
LINCOLN,Lancaster,68506,28C0001012,AMBULATORY SURGICAL CENTER,Head and Neck Surgical Partners LLC dba Physicians' Surgical Center,ASC022,"1500 South 48th Street, Suite 201",NONE,(402) 488-5812,(402) 488-7649,"HEAD AND NECK SURGICAL PARTNERS, LLC","Stephanie J Levander, Administrator","Augusta Tanner - 1500 South 48th Street, Suite 201 , Lincoln, NE 68506",,2026-08-16
LINCOLN,Lancaster,68503,28C0001013,AMBULATORY SURGICAL CENTER,"Lincoln Endoscopy Center, LLC",ASC011,"4545 R Street, Suite 101",NONE,(402) 465-4545,(402) 465-3624,LINCOLN ENDOSCOPY CENTER LLC,"Nate Kreifels, Administrator","Nate Kreifels - 4545 R Street, Suite 101 , Lincoln, NE 68503",,2026-08-16
LINCOLN,Lancaster,68510,28C0001015,AMBULATORY SURGICAL CENTER,"NOC Surgery Center, LLC dba NOC Surgery Center",ASC091,"6900 A Street, Suite 200",NONE,(402) 436-2000,(402) 434-2690,"PHYSICIANS SURGICAL SERVICES, LLC","Justin Petersen, Administrator","Justin Petersen - 6900 A Street, Suite 200 , Lincoln, NE 68510",,2026-08-16
LINCOLN,Lancaster,68506,28C0001020,AMBULATORY SURGICAL CENTER,"Nebraska Surgery Center, LLC",ASC090,1730 S 70th Street,NONE,(402) 484-6600,(402) 484-6610,"NEBRASKA SURGERY CENTER, LLC","Jennifer Case, Administrator","Jennifer Case - 1730 S 70th Street , Lincoln, NE 68506",,2026-08-16
LINCOLN,Lancaster,68516,28C0001022,AMBULATORY SURGICAL CENTER,"Urology Surgical Center, LLC",ASC028,5500 Pine Lake Road,NONE,(402) 421-8899,(402) 421-1945,UROLOGY SURGICAL CENTER,"JENNA STRATMAN, Administrator","Jenna Stratman - 5500 Pine Lake Road , Lincoln, NE 68516",,2026-08-16
LINCOLN,Lancaster,68512,28C0001067,AMBULATORY SURGICAL CENTER,"The Nebraska Ambulatory Surgical Center, LLC",ASC093,"5620 S 27th Street, Suite 200",AAAHC,(531) 249-5030,(531) 249-5040,"THE NEBRASKA AMBULATORY SURGICAL CENTER, LLC","Carla Lauenstein, Administrator","Carla Lauenstein - Carla Lauenstein 5620 S 27th Street, Suite 200, LINCOLN, NE 68512",,2026-08-16
LINCOLN,Lancaster,68516,28C0001068,AMBULATORY SURGICAL CENTER,"NPI Surgery Center, LLC",ASC092,7350 Willowbrook Lane #100,"AAAHC, ACHC",(531) 249-5353,(531) 249-5369,"NPI SURGERY CENTER, LLC","Rebecca Lieser, Administrator","Rebecca Lieser - 7350 Willowbrook Lane #100 , Lincoln, NE 68516",,2026-08-16
LINCOLN,Lancaster,68506,28C0001069,AMBULATORY SURGICAL CENTER,"Prairie Orthopaedic & Plastic Surgery, PC",ASC077,"4130 Pioneer Woods Dr, Suite 1",ACHC,(402) 489-4700,(402) 489-5220,"PRAIRIE ORTHOPAEDIC AND PLASTIC SURGERY, PC","Kevin Hejtmanek, Administrator","Kevin Hejtmanek - 4130 Pioneer Woods Dr, Suite 1 , Lincoln, NE 68506",,2026-08-16
NORFOLK,Madison,68701,28C0001018,AMBULATORY SURGICAL CENTER,"Northeast Nebraska Surgery Center, LLC dba Faith Health Northeast Nebraska Surgery Center",ASC086,"2701 West Norfolk Ave, Suite 101",NONE,(402) 644-7262,(402) 644-7227,"NORTHEAST NEBRASKA SURGERY CENTER, LLC","Jennifer Cornett, Administrator","Jennifer Cornett - 2701 W Norfolk Ave, Suite 101 , Norfolk, NE 68701",,2026-08-16
NORFOLK,Madison,68701,28C0001024,AMBULATORY SURGICAL CENTER,"Surgicenter of Norfolk, LLC dba Fountain Point Surgery Center",ASC085,"3901 W Norfolk Avenue, Suite L","AAAHC, ACHC",(402) 379-5555,(402) 379-5564,"SURGICENTER OF NORFOLK, LLC","Danielle Johnsen, Administrator","Danielle Johnsen - 3901 W Norfolk Avenue, Suite L , Norfolk, NE 68701",,2026-08-16
NORTH PLATTE,Lincoln,69101,28C0001032,AMBULATORY SURGICAL CENTER,"North Platte Surgery Center, LLC",ASC037,621 West Francis St,NONE,(308) 534-8800,(308) 534-2208,"NORTH PLATTE SURGERY CENTER, LLC","Becky White, Administrator","Becky White - 621 West Francis St , North Platte, NE 69101",,2026-08-16
OMAHA,Douglas,68114,28C0001035,AMBULATORY SURGICAL CENTER,Physicians Clinic Inc dba MPC Colonoscopy Center,ASC088,"9850 Nicholas Street, Suite 100",NONE,(402) 343-1122,(402) 343-1177,PHYSICIANS CLINIC INC,"Jenna M Wordekemper, Administrator","Jenna M. Wordekemper - 9850 Nicholas Street, Suite 100 , Omaha, NE 68114",,2026-08-16
OMAHA,SARPY,68138,NONE,AMBULATORY SURGICAL CENTER,Heartland Center for Reproductive Medicine PC,ASC082,7308 SOUTH 142ND STREET,NONE,(402) 717-4200,(402) 717-4231,HEARTLAND CENTER FOR REPRODUCTIVE MEDICINE PC,"JOHN MANGALINDAN, ADMINISTRATOR","HEARTLAND CENTER FOR REPRODUCTIVE MEDICINE, PC - 7308 S 142ND STREET , OMAHA, NE 68138",,2026-08-16
OMAHA,Douglas,68154,28C0001031,AMBULATORY SURGICAL CENTER,"Miracle Hills Surgery Center, LLC dba Miracle Hills Surgery Center",ASC034,"11819 Miracle Hills Drive, Suite 201",NONE,(402) 884-2450,(402) 884-2455,"MIRACLE HILLS SURGERY CENTER, LLC","Nicole Mausbach, Administrator","Nicole Mausbach - 11819 Miracle Hills Dr, Ste 201 , Omaha, NE 68154",,2026-08-16
OMAHA,Douglas,68130,28C0001049,AMBULATORY SURGICAL CENTER,Lakeside Endoscopy Center Llc,ASC054,"17001 Lakeside Hills Plaza, Suite 201",TJC,(402) 614-2300,(402) 614-0123,LAKESIDE ENDOSCOPY CENTER LLC,"Benjamin Hall, Administrator","Benjamin Hall - 17001 Lakeside Hills Plaza, Suite 201 , Omaha, NE 68130",,2026-08-16
OMAHA,Douglas,68124,28C0001051,AMBULATORY SURGICAL CENTER,"Bergan Mercy Surgery Center, Llc",ASC064,"7500 Mercy Road, Suite 4300",AAAHC,(402) 398-5665,(402) 398-6606,"BERGAN MERCY SURGERY CENTER, LLC","Jessica Zierott, Administrator","Jessica Zierott - Attn: Administrator 7500 Mercy Road, Suite 4300, Omaha, NE 68124",,2026-08-16
OMAHA,Douglas,68127,28C0001050,AMBULATORY SURGICAL CENTER,Midwest Surgery Center Inc,ASC044,10784 V Street,NONE,(402) 502-5599,(402) 991-6766,"MIDWEST SURGERY CENTER, INC","Michael R Powers, DPM, Administrator","Michael R. Powers, DPM - 10784 V Street , Omaha, NE 68127",,2026-08-16
OMAHA,Douglas,68130,28C0001040,AMBULATORY SURGICAL CENTER,"Lakeside Ambulatory Surgical Center, Llc dba Lakeside Surgery Center",ASC053,"17030 Lakeside Hills Plaza, Suite 110",AAAHC,(402) 758-5120,(402) 682-7412,LAKESIDE AMBULATORY SURGICAL CENTER LLC,"Alicia Wagner, Administrator","Alicia Wagner - Attn: CEO 17030 Lakeside Hills Plaza, Suite 110, Omaha, NE 68130",,2026-08-16
OMAHA,Douglas,68118,28C0001063,AMBULATORY SURGICAL CENTER,United Vascular Of Omaha LLC,ASC078,"17410 Burke Street, Suite 105",AAAHC,(531) 444-4757,(531) 444-5143,"UNITED VASCULAR OF OMAHA, LLC","Kimberly Baker, Administrator","Kimberly Baker - David Vogel MD 17404 Burke Street, Ste 102, Omaha, NE 68118",,2026-08-16
OMAHA,Douglas,68118,28C0001055,AMBULATORY SURGICAL CENTER,"Methodist Endoscopy Center, Llc",ASC063,"515 North 162nd Avenue, Suite 201",TJC,(402) 505-8708,(402) 505-8747,"METHODIST ENDOSCOPY CENTER, LLC","Tyron A Alli, MD, Administrator","Tyron Alli, MD - Gastroenterology Management Services 8901 Indian Hills Drive, Suite 200, Omaha, NE 68114",,2026-08-16
OMAHA,Douglas,68114,28C0001056,AMBULATORY SURGICAL CENTER,"Pacific Surgery Center, Llc",ASC067,"10707 Pacific Street, Suite 100",AAAHC,(402) 933-1844,(402) 932-5891,PACIFIC SURGERY CENTER LLC,"Audrey Person, Administrator","Audrey Person - 10707 Pacific Street, Suite 100 , Omaha, NE 68114",,2026-08-16
OMAHA,Douglas,68137,28C0001037,AMBULATORY SURGICAL CENTER,"Vance Thompson Vision Surgery Center NE, LLC",ASC087,4909 South 118th Street,NONE,(531) 541-4400,(402) 315-9753,"VANCE THOMPSON VISION ASC HOLDINGS, LLC","Sarah Hartnett, Administrator","Sarah Hartnett - 4909 South 118th Street , Omaha, NE 68137",,2026-08-16
OMAHA,DOUGLAS,68144,NONE,AMBULATORY SURGICAL CENTER,"Elysian Plastic Surgery, LLC dba Elysian Plastic Surgery",ASC096,"11902 W CENTER RD, SUITE 101",NONE,(402) 884-8836,(531) 375-5871,"ELYSIAN PLASTIC SURGERY, LLC","KALEENA BIGGERSTAFF, ADMINISTRATOR","ELYSIAN PLASTIC SURGERY - 11902 W CENTER RD, SUITE 101 , OMAHA, NE 68144",,2026-08-16
OMAHA,Douglas,68144,NONE,AMBULATORY SURGICAL CENTER,Omaha Children's Surgery Center LLC,ASC100,"2727 S 144th Street, Suite 180",NONE,(402) 513-0318,(402) 509-4608,"Blue Cloud Pediatric Surgery Centers, LLC","Milly Greenway, Administrator","Milly Greenway - 2727 S 144th Street, Suite 180 , Omaha, NE 68144",,2026-08-16
OMAHA,Douglas,68114,28C0001006,AMBULATORY SURGICAL CENTER,"Jone MWP Practice Management, LLC, dba Omaha Ambulatory Surgery Center",ASC010,825 North 90th Street,NONE,(402) 397-1180,(402) 391-1302,JONE MWP PRACTICE MANAGEMENT LLC,"Dionne Finken, Administrator","Dionne Finken - 825 North 90th Street , Omaha, NE 68114",,2026-08-16
OMAHA,Douglas,68154,28C0001010,AMBULATORY SURGICAL CENTER,"Omega Surgery Centers, LLC",ASC021,"11606 Nicholas Street, Suite 100",AAAHC,(402) 493-2020,(402) 431-8569,"OMEGA SURGERY CENTERS, LLC","Kellie Johnson, Administrator","Kellie Johnson - 11606 Nicholas Street, Suite 100 , Omaha, NE 68154",,2026-08-16
OMAHA,Douglas,68124,28C0001000,AMBULATORY SURGICAL CENTER,OSC LLC dba Omaha Surgical Center,ASC020,8051 West Center Road,AAAHC,(402) 391-3333,(402) 391-8593,"OSC, LLC","Erica Stonys, Administrator","Erica Stonys - Joseph Townley, MD 8051 West Center Road, Omaha, NE 68124",,2026-08-16
OMAHA,Douglas,68114,28C0001016,AMBULATORY SURGICAL CENTER,"Midwest Endoscopy Services, LLC",ASC062,"8901 Indian Hills Drive, Ste 100",TJC,(402) 933-1500,(402) 934-1612,"MIDWEST ENDOSCOPY SERVICES, LLC","Brian W Ward, MD, Administrator","Brian W Ward, MD - 8901 Indian Hills Drive, Ste 100 , Omaha, NE 68114",,2026-08-16
OMAHA,Douglas,68164,28C0001029,AMBULATORY SURGICAL CENTER,Popp Cosmetic Surgery PC,ASC032,"11919 Grant Street, Suite 100",NONE,(402) 391-4558,(402) 391-7401,POPP COSMETIC SURGERY P C,"Jeffrey C Popp, MD, Administrator","Jeffrey C. Popp, MD - 11919 Grant Street, Suite 100 , Omaha, NE 68164",,2026-08-16
OMAHA,Douglas,68131,28C0001025,AMBULATORY SURGICAL CENTER,"Midwest Eye Surgery Center, LLC",ASC016,4353 Dodge Street,NONE,(402) 552-2020,(402) 552-2367,"MIDWEST EYE SURGERY CENTER, LLC","Colleen Naughton, Administrator","Colleen Naughton - Administrator, Midwest Eye Surgery Center, LLC 4353 Dodge Street, Omaha, NE 68131",,2026-08-16
OMAHA,Douglas,68134,28C0001070,AMBULATORY SURGICAL CENTER,"Choice Surgical Center, LLC",ASC094,"8814 Maple Street, Suite 2",AAAHC,(402) 391-9100,(402) 620-6651,"CHOICE SURGICAL CENTER, LLC","Sofija Novakovic, Administrator","Sofija Novakovic, RN - 8814 Maple Street, Suite 2 , Omaha, NE 68134",,2026-08-16
PAPILLION,Sarpy,68046,28C0001059,AMBULATORY SURGICAL CENTER,Alegent Creighton Health dba CHI Health Ambulatory Surgery Center At Midlands,ASC074,"11111 South 84th Street, Suite 2200",AAAHC,(402) 593-3400,(402) 593-3839,ALEGENT CREIGHTON HEALTH,"Nighteagle Taylor, Administrator","Nighteagle Taylor - 11111 S. 84th St., Ste 2200 , Papillion, NE 68046",,2026-08-16
SCOTTSBLUFF,Scotts Bluff,69361,28C0001036,AMBULATORY SURGICAL CENTER,"Oregon Trail Eye Surgery Center, INC",ASC039,329 West 40th Street,NONE,(308) 635-3911,(308) 635-3130,"OREGON TRAIL EYE SURGERY CENTER, INC","Sarah Zeiler, Administrator","Sarah Zeiler - Oregon Trail Eye Surgery Center, Inc Attn: Sarah Zeiler 329 West 40th Street, Scottsbluff, NE 69361",,2026-08-16
SOUTH SIOUX CITY,Dakota,68776,28C0001065,AMBULATORY SURGICAL CENTER,"Riverview Surgical Center, Llc",ASC081,"201 East 4th Street, Ste 100",AAAHC,(402) 412-2160,(402) 412-2095,"RIVERVIEW SURGICAL CENTER, LLC","Matt Niemeier, Administrator","Matt Niemeier - Attn: Matt Niemeier 201 East 4th Street, South Sioux City, NE 68776",,2026-08-16
ALLIANCE,BOX BUTTE,69301,282314,HEMODIALYSIS,BOX BUTTE DIALYSIS UNIT,ESRD024,"P O BOX 810, 2101 BOX BUTTE AVENUE",NONE,(308) 762-6660,,BOX BUTTE GENERAL HOSPITAL,"BRITTANY DIETRICH, Administrator","BRITTANY DIETRICH - PO BOX 810, 2101 BOX BUTTE AVENUE , ALLIANCE, NE 69301",,2026-08-16
BEATRICE,GAGE,68310,282534,HEMODIALYSIS,Beatrice Dialysis,ESRD064,5200 HOSPITAL PKWY,NONE,(402) 223-7848,,"RENAL TREATMENT CENTERS-ILLINOIS, INC","AMY LOWDERMILK, Administrator","AMY LOWDERMILK - DAVITA INC 5200 VIRGINIA WAY - L & C DEPT, BRENTWOOD, TN 37027",,2026-08-16
BELLEVUE,SARPY,68005,282518,HEMODIALYSIS,Cornhusker Dialysis,ESRD058,"505 CORNHUSKER RD, SUITE 107",NONE,(402) 292-2813,,"DVA RENAL HEALTHCARE, INC.","ALEXIS CAIRNCROSS, Administrator","ALEXIS CAIRNCROSS - DAVITA, INC 5200 VIRGINIA WAY, L & C DEPT, BRENTWOOD, TN 37027",,2026-08-16
BELLEVUE,SARPY,68123,282524,HEMODIALYSIS,"DIALYSIS CLINIC, INC",ESRD041,4112 TWIN CREEK DRIVE,NONE,(402) 934-9560,,"DIALYSIS CLINIC, INC","TERRY DALTON, Other","TERRY DALTON - DIALYSIS CLINIC, INC 7070 SPRING STREET, OMAHA, NE 68106",,2026-08-16
FREMONT,DODGE,68025,282512,HEMODIALYSIS,DODGE COUNTY DIALYSIS,ESRD050,1949 EAST 23RD AVENUE S,NONE,(402) 721-7005,,"DVA RENAL HEALTHCARE, INC.","SARAH HALLEY, Administrator","SARAH HALLEY - DAVITA, INC 5200 VIRGINIA WAY, L & C DEPT, BRENTWOOD, TN 37027",,2026-08-16
GRAND ISLAND,HALL,68801,282522,HOME HEMODIALYSIS,GRAND ISLAND DIALYSIS,ESRD057,"203 EAST STOLLEY PARK ROAD, SUITE G",NONE,(308) 384-4067,,"RENAL TREATMENT CENTERS-ILLINOIS, INC","HEATHER BOUTIN, Assistant Administrator","HEATHER BOUTIN - DAVITA INC 5200 VIRGINIA WAY, L & C DEPT, BRENTWOOD, TN 37027",,2026-08-16
GRAND ISLAND,HALL,68803,282523,HEMODIALYSIS,KIDNEY DIALYSIS CENTER OF GRAND ISLAND,ESRD047,3516 RICHMOND CIRCLE,NONE,(308) 384-9600,,"RCG GRAND ISLAND, LLC","SHELLI VEST, Administrator","SHELLI VEST - KIDNEY DIALYSIS CENTER OF GRAND ISLAND 3516 RICHMOND CIRCLE, GRAND ISLAND, NE 68803",,2026-08-16
HASTINGS,ADAMS,68901,282501,HEMODIALYSIS,HASTINGS DIALYSIS CENTER,ESRD002,1900 NORTH ST. JOSEPH AVENUE,NONE,(402) 463-4893,,"RENAL TREATMENT CENTERS-ILLINOIS, INC","HEATHER BOUTIN, Administrator","HEATHER BOUTIN - DAVITA INC 5200 VIRGINIA WAY, L & C DEPT, BRENTWOOD, TN 37027",,2026-08-16
KEARNEY,BUFFALO,68847,282515,HOME HEMODIALYSIS,OVERLAND TRAILS RENAL CARE GROUP LLC,ESRD038,5210 PARKLANE DRIVE,NONE,(308) 233-5011,,"OVERLAND TRAILS RENAL CARE GROUP, LLC","MEGAN WILSEY, Administrator","MEGAN WILSEY - 5210 PARKLANE DRIVE , KEARNEY, NE 68847",,2026-08-16
LINCOLN,LANCASTER,68503,282503,HOME HEMODIALYSIS,CAPITAL CITY DIALYSIS,ESRD003,307 NORTH 46TH STREET,NONE,(402) 466-5123,,"RENAL TREATMENT CENTERS-ILLINOIS, INC","MAKENNA LAUTERBACH, Administrator","MAKENNA LAUTERBACH - DAVITA INC 5200 VIRGINIA WAY, L&C DEPT, BRENTWOOD, TN 37027",,2026-08-16
LINCOLN,LANCASTER,68504,282513,HEMODIALYSIS,"DIALYSIS CENTER OF LINCOLN, INC dba DIALYSIS CENTER OF LINCOLN-NORTHWEST",ESRD068,3211 SALT CREEK CIRCLE,NONE,(402) 438-7330,,"DIALYSIS CENTER OF LINCOLN, INC","SCOTT BUTTERFIELD, Administrator","SCOTT BUTTERFIELD - 7910 O STREET , LINCOLN, NE 68510",,2026-08-16
LINCOLN,LANCASTER,68510,282500,HEMODIALYSIS,DIALYSIS CENTER OF LINCOLN,ESRD021,7910 O STREET,NONE,(402) 489-5339,,"DIALYSIS CENTER OF LINCOLN, INC","SCOTT BUTTERFIELD, Administrator","SCOTT BUTTERFIELD - 7910 O ST. , LINCOLN, NE 68510",,2026-08-16
LINCOLN,LANCASTER,68512,282527,HEMODIALYSIS,"DIALYSIS CENTER OF LINCOLN, INC dba Dialysis Center Of Lincoln Southwest",ESRD049,5355 SOUTH 16TH STREET,NONE,(402) 742-8500,,"DIALYSIS CENTER OF LINCOLN, INC","SCOTT BUTTERFIELD, Administrator","SCOTT BUTTERFIELD - 7910 O STREET , LINCOLN, NE 68510",,2026-08-16
LINCOLN,LANCASTER,68512,282528,HOME HEMODIALYSIS,Home Dialysis of Lincoln,ESRD053,5355 SOUTH 16TH STREET,NONE,(402) 742-8500,,"HOME DIALYSIS OF LINCOLN, LLC","SCOTT BUTTERFIELD, Administrator","SCOTT BUTTERFIELD - 7910 O STREET , LINCOLN, NE 68510",,2026-08-16
MACY,THURSTON,68039,282540,HEMODIALYSIS,Omaha Tribe of Nebraska dba Carl T Curtis Health ED Center Dialysis,ESRD074,923 SENIOR CIRCLE,NONE,(402) 837-5381,,OMAHA TRIBE OF NEBRASKA,"WENDY PETERSON, Other","WENDY PETERSON - 923 SENIOR CIRCLE , MACY, NE 68039",,2026-08-16
MC COOK,RED WILLOW,69001,282517,HEMODIALYSIS,MCCOOK DIALYSIS CENTER,ESRD037,801 WEST C STREET SUITE 4,NONE,(308) 345-1916,,"RENAL TREATMENT CENTERS-ILLINOIS, INC","JESSICA ROTH, Administrator","JESSICA ROTH - DAVITA INC 5200 VIRGINIA WAY, L&C DEPT, BRENTWOOD, TN 37027",,2026-08-16
NIOBRARA,KNOX,68760,282538,HEMODIALYSIS,SANTEE SIOUX TRIBE OF NEBRASKA,ESRD072,110 S VISITING EAGLE ST,NONE,(402) 857-3440,,SANTEE SIOUX TRIBE OF NEBRASKA,"DIANE REIMAN, Administrator","DIANE REIMAN - 110 S VISITING EAGLE ST , NIOBRARA, NE 68760",,2026-08-16
NORFOLK,MADISON,68701,282530,HEMODIALYSIS,N.E. Nebraska Dialysis,ESRD069,610 S 13TH ST,NONE,(402) 371-9559,,"RENAL TREATMENT CENTERS-ILLINOIS, INC","COURTNEY KOCH, Administrator","COURTNEY KOCH - DAVITA INC 5200 VIRGINIA WAY, L & C DEPT, BRENTWOOD, TN 37027",,2026-08-16
NORTH PLATTE,LINCOLN,69101,282519,HOME HEMODIALYSIS,RENAL CARE GROUP - NORTH PLATTE,ESRD044,785 EAST FRANCIS,NONE,(308) 696-0941,,"RCG NORTH PLATTE, LLC","Cathleen Swartz, Administrator","JESSICA MCALEXANDER - RENAL CARE GROUP - NORTH PLATTE 785 E. FRANCIS, NORTH PLATTE, NE 69101",,2026-08-16
O' NEILL,HOLT,68763,282316,HEMODIALYSIS,AVERA ST ANTHONY'S HOSPITAL,ESRD028,"P O BOX 270, 300 NORTH 2ND STREET",NONE,(402) 336-2611,,AVERA ST. ANTHONY'S HOSPITAL,"JOHN KOZYRA, Administrator","JOHN KOZYRA - PO BOX 270 , O'NEILL, NE 68763",,2026-08-16
OMAHA,DOUGLAS,68135,282529,HEMODIALYSIS,Omaha Harrison Dialysis,ESRD054,"6610 SOUTH 168TH STREET, SUITE 8",NONE,(402) 896-4609,,"RENAL TREATMENT CENTERS-ILLINOIS, INC","LIZ LONGE, Administrator","LIZ LONGE - DAVITA INC 5200 VIRGINIA WAY, L & C DEPT, BRENTWOOD, TN 37027",,2026-08-16
OMAHA,DOUGLAS,68124,282532,HEMODIALYSIS,"UROHSD, LLC dba Fresenius Medical Care - Nebraska Home Dialysis",ESRD063,2916 SOUTH 84TH STREET,NDAC,(402) 393-2865,,"UROHSD, LLC","ELIZABETH DAVIS, Administrator","ELIZABETH DAVIS - 2916 S. 84TH STREET , OMAHA, NE 68124",,2026-08-16
OMAHA,DOUGLAS,68154,282533,HOME PERITONEAL DIALYSIS,Omaha Home Training,ESRD071,11425 W DODGE RD,NDAC,(531) 895-5254,,"RENAL TREATMENT CENTERS-ILLINOIS, INC","CINDY CLAUSEN, Administrator","CINDY CLAUSEN - DAVITA INC. 5200 VIRGINIA WAY, L&C DEPT., BRENTWOOD, TN 37027",,2026-08-16
OMAHA,DOUGLAS,68105,282520,HEMODIALYSIS,RAI CARE CENTER dba/ RAI-CenterSt.-Omaha,ESRD042,4411 CENTER STREET SUITE A,NONE,(402) 558-3284,,"RAI CARE CENTERS OF NEBRASKA II, LLC","ANN CLARK, Administrator","ANN CLARK - 4411 CENTER STREET, SUITE A , OMAHA, NE 68105",,2026-08-16
OMAHA,DOUGLAS,68104,282521,HEMODIALYSIS,RAI Care Center dba RAI-Ames-Omaha,ESRD043,5084 AMES AVENUE,NONE,(402) 451-7745,,"RAI CARE CENTERS OF NEBRASKA II, LLC","AMARI WARE, Administrator","AMARI WARE - 5084 AMES AVENUE , OMAHA, NE 68104",,2026-08-16
OMAHA,DOUGLAS,68154,282506,HEMODIALYSIS,OMAHA WEST DIALYSIS,ESRD006,13014 WEST DODGE ROAD,NONE,(402) 445-8950,,"DVA RENAL HEALTHCARE, INC.","JEREMIAH ANDERSON, Administrator","JEREMIAH ANDERSON - DAVITA INC 5200 VIRGINIA WAY, L&C DEPT., BRENTWOOD, TN 37027",,2026-08-16
OMAHA,DOUGLAS,68131,282504,HEMODIALYSIS,"DIALYSIS CLINIC, INC.",ESRD008,3316 DODGE STREET,NONE,(402) 342-0190,,"DIALYSIS CLINIC, INC","TERRY DALTON, Other","TERRY DALTON - DIALYSIS CLINIC, INC 7070 SPRING STREET, OMAHA, NE 68106",,2026-08-16
OMAHA,DOUGLAS,68134,282514,HEMODIALYSIS,Sorensen Park Dialysis,ESRD060,"6212 N 73RD PLAZA, SUITE 100",NONE,(402) 571-4147,,"DVA RENAL HEALTHCARE, INC.","COURTNEY MURILLO, Administrator","COURTNEY MURILLO - DAVITA INC 5200 VIRGINIA WAY, BRENTWOOD, TN 37027",,2026-08-16
OMAHA,DOUGLAS,68107,282511,HEMODIALYSIS,OMAHA SOUTH DIALYSIS,ESRD062,3339 L STREET,NONE,(402) 734-0772,,"DVA RENAL HEALTHCARE, INC.","STACY ROBERTS, Administrator","STACY ROBERTS - DAVITA INC 5200 VIRGINIA WAY, L & C DEPT, BRENTWOOD, TN 37027",,2026-08-16
OMAHA,DOUGLAS,68112,282539,HEMODIALYSIS,"RAI Care Centers of Nebraska II, LLC dba Fresenius Kidney Care Omaha North",ESRD073,7454 N 30TH STREET,NDAC,(402) 951-4762,,"RAI CARE CENTERS OF NEBRASKA II, LLC","Diane Heimann, Administrator","TAMIKA COLEMAN - DBA FRESENIUS KIDNEY CARE OMAHA NORTH 7454 N 30TH STREET, OMAHA, NE 68112",,2026-08-16
OMAHA,DOUGLAS,68118,282535,HEMODIALYSIS,Fresenius Kidney Care Omaha West,ESRD065,15801 W DODGE ROAD,NONE,(402) 697-7553,,"RENAL CARE GROUP OF THE MIDWEST, INC","DIANE HEIMANN RD, LMNT, LD, Other","DIANE HEIMANN RD, LMNT, LD - 15801 WEST DODGE ROAD , OMAHA, NE 68118",,2026-08-16
OMAHA,DOUGLAS,68106,282536,HEMODIALYSIS,Dialysis Clinic Inc,ESRD067,7070 SPRING STREET,NONE,(402) 505-8004,,"DIALYSIS CLINIC, INC","TERRY DALTON, Other","TERRY DALTON - DIALYSIS CLINIC, INC 7070 SPRING STREET, OMAHA, NE 68106",,2026-08-16
SCOTTSBLUFF,SCOTTS BLUFF,69361,282502,HEMODIALYSIS,SCOTTSBLUFF DIALYSIS CENTER,ESRD066,"820 W 42ND STREET, SUITE 1600",NONE,(308) 220-3572,,"RENAL TREATMENT CENTERS - WEST, INC","AMANDA MUNOZ, Administrator","AMANDA MUNOZ - DAVITA INC 5200 VIRGINIA WAY, L & C DEPT, BRENTWOOD, TN 37027",,2026-08-16
VALENTINE,CHERRY,69201,282315,HEMODIALYSIS,CHERRY COUNTY HOSPITAL,ESRD026,510 NORTH GREEN STREET,NONE,(402) 376-2525,,CHERRY COUNTY HOSPITAL,"KIMBERLY SCHLAGER, Administrator","KIMBERLY SCHLAGER - CEO 510 N GREEN ST, VALENTINE, NE 69201",,2026-08-16
WALTHILL,THURSTON,68067,282537,HEMODIALYSIS,CARL T CURTIS HEALTH EDUCATION CENTER SATELLITE CLINIC,ESRD070,204 MAIN STREET,NONE,(402) 837-5381,,OMAHA TRIBE OF NEBRASKA,"WENDY PETERSON, Other","WENDY PETERSON - 204 MAIN STREET , WALTHILL, NE 68067",,2026-08-16
YORK,YORK,68467,282318,HEMODIALYSIS,YORK GENERAL HOSPITAL dba YORK GENERAL DIALYSIS SERVICES,ESRD085,2315 NORTH LINCOLN AVENUE,NONE,(402) 363-6631,,YORK GENERAL HEALTH CARE SERVICES,"JACULYN WALGREN, Administrator","JACULYN WALGREN - 2315 NORTH LINCOLN AVENUE , YORK, NE 68467",,2026-08-16
BELLEVUE,SARPY,68005,NONE,NONE,"Bellevue Health & Emergency Clinic, Inc dba CARE-Clinics for Abortion & Reproduc",HC092,1002 WEST MISSION AVE,NONE,(402) 291-4797,(402) 291-4643,"BELLEVUE HEALTH & EMERGENCY CLINIC, INC","JANINE E WEATHERBY, ADMINISTRATOR","CARE NEBRASKA - 1002 W MISSION AVENUE , BELLEVUE, NE 68005",,2026-08-16
CHADRON,DAWES,69337,NONE,PUBLIC HEALTH CLINIC,WCHR - FAMILY REPRODUCTIVE HEALTH SERVICES,HC068,300 SHELTON STREET,NONE,(308) 432-8979,(308) 432-8974,CHADRON COMMUNITY HOSPITAL CORP.,"JONATHAN REINERS, ADMINISTRATOR","SANDY MONTAGUE-ROES, DIRECTOR - WESTERN COMMUNITY HEALTH RESOURCES 300 SHELTON STREET, CHADRON, NE 69337","WESTERN COMMUNITY HEALTH RESOURCES - 11 PADDOCK, CRAWFORD, NE 69339; WESTERN COMMUNITY HEALTH RESOURCES - 300 E 8TH ST., RMS 252-256, GORDON, NE 69343; WESTERN COMMUNITY HEALTH RESOURCES - 619 BOX BUTTE AVENUE, ALLIANCE, NE 69301",2026-08-16
FREMONT,DODGE,68025,NONE,PUBLIC HEALTH CLINIC,Three Rivers District Health Department,HC061,2400 NORTH LINCOLN AVE,NONE,(402) 727-5396,(402) 317-5187,THREE RIVERS PUBLIC HEALTH DEPARTMENT,"TERRA UHING, ADMINISTRATOR","THREE RIVERS PUBLIC HEALTH DEPARTMENT - 2400 N LINCOLN AVENUE , FREMONT, NE 68025",,2026-08-16
GERING,SCOTTS BLUFF,69341,NONE,NONE,Western Sleep Medicine LLC,HC090,"2855 10TH STREET, SUITE A",ACHC,(308) 633-3000,(800) 524-8923,"WESTERN SLEEP MEDICINE, LLC","MARK SCHULTZ, ADMINISTRATOR","WESTERN SLEEP MEDICINE LLC - 2855 10TH STREET, SUITE A , GERING, NE 69341",,2026-08-16
GERING,SCOTTS BLUFF,69341,NONE,PUBLIC HEALTH CLINIC,Community Action Partnership of Western Nebraska,HC023,975 CRESCENT DRIVE,NONE,(308) 632-2540,(308) 633-2650,COMMUNITY ACTION PARTNERSHIP OF WESTERN NEBRASKA,"BETSY VIDLAK, ADMINISTRATOR","BETSY VIDLAK - 3350 10TH STREET, GERING, NE 69341","CHADRON DENTAL CLINIC - 221 CHADRON AVENUE, CHADRON, NE 69337",2026-08-16
GRAND ISLAND,HALL,68801,NONE,PUBLIC HEALTH CLINIC,"CENTRAL HEALTH CENTER dba CHOICE FAMILY HEALTH CARE, INC",HC054,"217 EAST STOLLEY PARK ROAD, SUITE E",NONE,(308) 384-7625,(308) 384-8904,"CENTRAL HEALTH CENTER, INC","RYAN KING, ADMINISTRATOR","CHOICE FAMILY HEALTH CARE - 217 E STOLLEY PARK RD., STE E , GRAND ISLAND, NE 68801","CHOICE FAMILY HEALTH CARE - 4503 2ND AVE, STE 209, KEARNEY, NE 68847",2026-08-16
LINCOLN,LANCASTER,68516,NONE,PUBLIC HEALTH CLINIC,PLANNED PARENTHOOD OF THE HEARTLAND,HC059,"5631 SOUTH 48TH STREET, SUITE 100",NONE,(877) 859-0587,(402) 441-3337,PLANNED PARENTHOOD OF THE HEARTLAND,"MARIE EASTBURN, ADMINISTRATOR","PLANNED PARENTHOOD OF THE HEARTLAND - 5631 S 48TH STREET, SUITE 100, LINCOLN, NE 68516",,2026-08-16
LINCOLN,LANCASTER,68510,NONE,PUBLIC HEALTH CLINIC,LINCOLN-LANCASTER COUNTY HEALTH DEPARTMENT,HC035,3131 O STREET,NONE,(402) 441-8000,(402) 441-6229,CITY OF LINCOLN,"KERRY KERNEN, ADMINISTRATOR","LINCOLN-LANCASTER COUNTY HEALTH DEPARTMENT - 3131 O STREET , LINCOLN, NE 68105",,2026-08-16
LINCOLN,LANCASTER,68503,NONE,PUBLIC HEALTH CLINIC,BLUESTEM HEALTH,HC039,1021 NORTH 27TH STREET,NONE,(402) 476-1455,(402) 470-5438,BLUESTEM HEALTH,"BRAD MEYER, ADMINISTRATOR","ATTN: KOREY MOHR - BLUESTEM HEALTH 1021 N 27TH, LINCOLN, NE 68503","BLUESTEM HEALTH KRESHEL CLINIC - 3100 N 14TH STREET, LINCOLN, NE 68521; BLUESTEM HEALTH PEDIATRICS - 2301 O STREET, SUITE 2, LINCOLN, NE 68510; BLUESTEM HEALTH THOMPSON CLINIC - 2222 S. 16TH STREET, #435, LINCOLN, NE 68502",2026-08-16
LINCOLN,LANCASTER,68521,NONE,PUBLIC HEALTH CLINIC,NEBRASKA URBAN INDIAN MEDICAL CENTER,HC041,"2331 FAIRFIELD STREET, STE 1",NONE,(402) 434-7177,(402) 434-7180,"NEBRASKA URBAN INDIAN HEALTH COALITION, INC","MOHSIN HASAN, ADMINISTRATOR","NEBRASKA URBAN INDIAN HEALTH COALITION - 2226 N STREET , OMAHA, NE 68107","NEBRASKA URBAN INDIAN HEALTH AND WELLNESS CLINIC - 2226 N STREET, OMAHA, NE 68107",2026-08-16
LINCOLN,LANCASTER,68510,NONE,NONE,GSR Enterprises Inc dba Somnos Sleep Disorder Center,HC088,8040 O ST,NONE,(402) 486-3410,(402) 486-3356,GSR ENTERPRISES INC.,"GREG RUGH, ADMINISTRATOR","SOMNOS SLEEP AND CPAP STORE - 8040 O ST , LINCOLN, NE 68510",,2026-08-16
LINCOLN,LANCASTER,68505,NONE,PUBLIC HEALTH CLINIC,Family Health Services,HC094,"630 N COTNER BLVD, SUITE 204",NONE,(402) 466-1012,(402) 466-1035,"FAMILY HEALTH SERVICES, INC.","JESSI HITCHINS, ADMINISTRATOR","FAMILY HEALTH SERVICES - 509 BROADWAY ST PO BOX 279, TECUMSEH, NE 68450","BEATRICE FAMILY PLANNING - 301 SOUTH 6TH STREET, SUITE 8, BEATRICE, NE 68310; CRETE FAMILY PLANNING - C/O DOANE COLL-PERRY CAMPUS CNTR-1014 BOSWELL AVE, CRETE, NE; FAMILY HEALTH SERVICES - 292 BROADWAY ST, TECUMSEH, NE 68450; PERU FAMILY PLANNING - 600 HOYT STREET, PERU, NE 68421",2026-08-16
MACY,THURSTON,68039,NONE,PUBLIC HEALTH CLINIC,CARL T CURTIS HEALTH EDUCATION CENTER,HC042,"P O BOX 250, 923 SENIOR CIRCLE",NONE,(402) 837-5381,(402) 837-5303,OMAHA TRIBE OF NEBRASKA,"SARAH ROWLAND, ADMINISTRATOR","CARL T CURTIS HEALTH EDUCATION CENTER - P O BOX 250, 923 SENIOR CIRCLE , MACY, NE 68039",,2026-08-16
NORTH PLATTE,LINCOLN,69101,NONE,PUBLIC HEALTH CLINIC,"PEOPLE'S FAMILY HEALTH SERVICES, INC-FAMILY PLANNING",HC013,102 SOUTH ELM STREET,NONE,(308) 534-3075,(308) 534-6104,"PEOPLE'S FAMILY HEALTH SERVICES, INC.","JODI SONNEMAN, INTERIM ADMINIS","PEOPLE'S FAMILY HEALTH SVS, INC, FAMILY PLANNING - 102 SOUTH ELM , NORTH PLATTE, NE 69101","Peoples Family Health Services, Inc - Family Plann - 111 West C Street, MC COOK, NE 69001",2026-08-16
OMAHA,DOUGLAS,68134,NONE,PUBLIC HEALTH CLINIC,PLANNED PARENTHOOD OF THE HEARTLAND,HC056,3105 NORTH 93RD STREET,NONE,(877) 859-0589,(402) 496-0489,PLANNED PARENTHOOD OF THE HEARTLAND,"MARIE EASTBURN, ADMINISTRATOR","PLANNED PARENTHOOD OF THE HEARTLAND - 3105 N 93RD STREET, OMAHA, NE 68134",,2026-08-16
OMAHA,DOUGLAS,68105,NONE,PUBLIC HEALTH CLINIC,Douglas County Health Department - Public Health Clinic,HC060,"1111 SOUTH 41ST STREET, SUITE 210",NONE,(402) 444-7471,(402) 444-6267,DOUGLAS COUNTY,"LINDSAY HUSE, ADMINISTRATOR","DOUGLAS COUNTY HEALTH DEPARTMENT-PUBLIC HEALTH CLI - 1111 SOUTH 41ST STREET, SUITE 210 , OMAHA, NE 68105",,2026-08-16
OMAHA,DOUGLAS,68107,NONE,PUBLIC HEALTH CLINIC,ONE WORLD COMMUNITY HEALTH CENTERS INC,HC018,"4920 SOUTH 30TH STREET, SUITE 103",NONE,(402) 502-8845,(402) 991-5642,ONE WORLD COMMUNITY HEALTH CENTERS INC,"ANDREA SKOLKIN, ADMINISTRATOR","MARCIA SMITH - ONEWORLD COMMUNITY HEALTH CENTERS, INC 4920 SOUTH 30TH STREET, SUITE 103, OMAHA, NE 68107","DENTAL MOBILE UNIT #1 - 4920 S 30TH STREET SUITE 103, OMAHA, NE 68107; DENTAL MOBILE UNIT #2 - 4920 S 30TH STREET SUITE 103, OMAHA, NE 68107; ONE WORLD ADOLESCENT CLINIC WEST - 2520 S 130 AVE., OMAHA, NE 68144; ONE WORLD COMMUNITY HEALTH CENTERS - 2207 GEORGIA AVENUE, BELLEVUE, NE 68005; ONE WORLD COMMUNITY HEALTH CENTERS INC - 4229 NORTH 90TH STREET, OMAHA, NE 68134; ONE WORLD COMMUNITY HEALTH CENTERS INC - 4910 SOUTH 30TH STREET, OMAHA, NE 68107; ONE WORLD COMMUNITY HEALTH CENTERS INC - 4930 SOUTH 30TH STREET, OMAHA, NE 68107; ONE WORLD COMMUNITY HEALTH CENTERS WEST - 4101 SOUTH 120TH STREET, OMAHA, NE 68137; ONE WORLD COMMUNITY HEALTH CENTERS, INC - 122 SOUTH 6TH STREET, PLATTSMOUTH, NE 68048; ONE WORLD COMMUNITY HEALTH CENTERS, INC - 2021 ST. MARY'S AVENUE, OMAHA, NE 68102; ONE WORLD COMMUNITY HEALTH CENTERS, INC - 3121 U STREET, OMAHA, NE 68107; ONE WORLD COMMUNITY HEALTH CENTERS, INC - 4215 S 20TH STREET, OMAHA, NE 68107; ONE WORLD COMMUNITY HEALTH CENTERS, INC - 4700 GILES ROAD, BELLEVUE, NE 68157; ONEWORLD COMMUNITY HEALTH CENTERS, INC - 2723 Q STREET, OMAHA, NE 68107; ONEWORLD COMMUNITY HEALTH CENTERS, INC - 4310 SOUTH 24TH STREET, OMAHA, NE 68107; ONEWORLD COMMUNITY HEALTH CENTERS, INC - 5616 L STREET, OMAHA, NE 68117; ONEWORLD COMMUNITY HEALTH CENTERS, INC - 7500 WESTERN AVENUE, OMAHA, NE 68114; ONEWORLD MEDICAL MOBILE - 4920 S 30TH STREET, SUITE 103, OMAHA, NE 68107; ONEWORLD RALSTON - 5310 S 84TH STREET, OMAHA, NE 68127",2026-08-16
OMAHA,DOUGLAS,68106,NONE,NONE,"MUNROE-MEYER INSTITUTE (MMI), UNMC",HC086,6902 PINE STREET,NONE,(402) 559-6418,(402) 559-5737,BOARD OF REGENTS OF THE UNIVERSITY OF NEBRASKA MED,"KAROLY MIRNICS, ADMINISTRATOR","REGINA CARROLL, PHD, ASSCO DEAN OF CLINICAL SERVIC - MUNROE-MEYER INSTITUTE 985450 NEBRASKA MEDICAL CENTER, OMAHA, NE 68198",,2026-08-16
OMAHA,DOUGLAS,68127,NONE,NONE,Frontier Diagnostic Sleep Center,HC067,"8425 F STREET, SUITE B",NONE,(402) 339-7378,(844) 240-1558,AMJ DAD LTD,"COREY KEEZER, ADMINISTRATOR","FRONTIER DIAGNOSTIC SLEEP CENTER - 8425 F ST, SUITE B , OMAHA, NE 68127",,2026-08-16
OMAHA,DOUGLAS,68152,NONE,NONE,Pace Nebraska dba Immanuel Pathways,HC062,5755 SORENSON PKWY,NONE,(402) 991-0330,(402) 991-0332,IMMANUEL,"JESSICA LOWMAN, ADMINISTRATOR","CHIEF OPERATIONS OFFICER - IMMANUEL - 1044 N. 115TH STREET, SUITE 500 , OMAHA, NE 68154",,2026-08-16
OMAHA,DOUGLAS,68131,NONE,PUBLIC HEALTH CLINIC,Methodist Community Health Clinic,HC081,208 S 26TH AVENUE,NONE,(402) 354-3198,(402) 354-3199,THE NEBRASKA METHODIST HOSPITAL,"JEANNE RICE, ADMINISTRATOR","CHIEF COMPLIANCE OFFICER - 825 S 169TH STREET , OMAHA, NE 68118",,2026-08-16
SOUTH SIOUX CITY,DAKOTA,68776,NONE,NONE,Siouxland Community Health Center dba Siouxland Community Health of NE,HC076,3410 FUTURES DRIVE,NONE,(402) 412-7242,(402) 412-7244,SIOUXLAND COMMUNITY HEALTH CENTER,"MARK DONALDSON, CEO","ATTN CEO - SIOUXLAND COMMUNITY HEALTH CENTER 1021 NEBRASKA STREET, SIOUX CITY, IA 51105",,2026-08-16
